{
  "lernende": [
    { "id": "00", "name": "Anna", "nachname": "Keller", "alter": 19, "bms": true,  "hobbies": ["Lesen", "Joggen", "Kochen"] },
    { "id": "01", "name": "Luca", "nachname": "Meier", "alter": 18, "bms": false, "hobbies": ["Gaming", "Mountainbike", "Musik"] },
    { "id": "02", "name": "Sophie", "nachname": "Hofstetter", "alter": 20, "bms": true, "hobbies": ["Fotografie", "Yoga", "Reisen"] },
    { "id": "03", "name": "Tim", "nachname": "Schwarz", "alter": 17, "bms": false, "hobbies": ["Fussball", "Schach", "Filme"] },
    { "id": "04", "name": "Mia", "nachname": "Brunner", "alter": 18, "bms": true, "hobbies": ["Zeichnen", "Gitarre", "Backen"] },
    { "id": "05", "name": "Jonas", "nachname": "Weber", "alter": 19, "bms": false, "hobbies": ["Schwimmen", "Fitness", "Spiele"] },
    { "id": "06", "name": "Julia", "nachname": "Frei", "alter": 20, "bms": true, "hobbies": ["Tanzen", "Mode", "Fotobearbeitung"] },
    { "id": "07", "name": "Noah", "nachname": "Kunz", "alter": 18, "bms": false, "hobbies": ["E-Sport", "Klettern", "Trompete"] },
    { "id": "08", "name": "Emily", "nachname": "Gruber", "alter": 19, "bms": false, "hobbies": ["Lesen", "Kunst", "Volleyball"] },
    { "id": "09", "name": "Nico", "nachname": "Hug", "alter": 21, "bms": true, "hobbies": ["Laufen", "Gaming", "Kochen"] },
    { "id": "10", "name": "Leonie", "nachname": "Seiler", "alter": 18, "bms": false, "hobbies": ["Ballett", "Schreiben", "Reisen"] },
    { "id": "11", "name": "David", "nachname": "Bachmann", "alter": 22, "bms": true, "hobbies": ["Kraftsport", "Wandern", "Barbecue"] }
  ]
}
